{"fuzzy_combined":{"0":50,"1":50,"2":86,"3":89,"4":89,"6":87},"faiss_score":{"0":0.4803040028,"1":0.4803040028,"2":0.8202599883,"3":0.8751630187,"4":0.8751630187,"6":0.8970959783},"user_validasi":{"0":0,"1":1,"2":1,"3":0,"4":1,"6":1}}